USE [master]
GO
/****** Object:  Database [DistributedProgramming]    Script Date: 15/06/2020 13:15:31 ******/
CREATE DATABASE [DistributedProgramming]
 CONTAINMENT = NONE
 ON  PRIMARY 
( NAME = N'DistributedProgramming', FILENAME = N'D:\Program Files\Microsoft SQL Server\MSSQL14.SQLEXPRESS\MSSQL\DATA\DistributedProgramming.mdf' , SIZE = 8192KB , MAXSIZE = UNLIMITED, FILEGROWTH = 65536KB )
 LOG ON 
( NAME = N'DistributedProgramming_log', FILENAME = N'D:\Program Files\Microsoft SQL Server\MSSQL14.SQLEXPRESS\MSSQL\DATA\DistributedProgramming_log.ldf' , SIZE = 8192KB , MAXSIZE = 2048GB , FILEGROWTH = 65536KB )
GO
ALTER DATABASE [DistributedProgramming] SET COMPATIBILITY_LEVEL = 140
GO
IF (1 = FULLTEXTSERVICEPROPERTY('IsFullTextInstalled'))
begin
EXEC [DistributedProgramming].[dbo].[sp_fulltext_database] @action = 'enable'
end
GO
ALTER DATABASE [DistributedProgramming] SET ANSI_NULL_DEFAULT OFF 
GO
ALTER DATABASE [DistributedProgramming] SET ANSI_NULLS OFF 
GO
ALTER DATABASE [DistributedProgramming] SET ANSI_PADDING OFF 
GO
ALTER DATABASE [DistributedProgramming] SET ANSI_WARNINGS OFF 
GO
ALTER DATABASE [DistributedProgramming] SET ARITHABORT OFF 
GO
ALTER DATABASE [DistributedProgramming] SET AUTO_CLOSE ON 
GO
ALTER DATABASE [DistributedProgramming] SET AUTO_SHRINK OFF 
GO
ALTER DATABASE [DistributedProgramming] SET AUTO_UPDATE_STATISTICS ON 
GO
ALTER DATABASE [DistributedProgramming] SET CURSOR_CLOSE_ON_COMMIT OFF 
GO
ALTER DATABASE [DistributedProgramming] SET CURSOR_DEFAULT  GLOBAL 
GO
ALTER DATABASE [DistributedProgramming] SET CONCAT_NULL_YIELDS_NULL OFF 
GO
ALTER DATABASE [DistributedProgramming] SET NUMERIC_ROUNDABORT OFF 
GO
ALTER DATABASE [DistributedProgramming] SET QUOTED_IDENTIFIER OFF 
GO
ALTER DATABASE [DistributedProgramming] SET RECURSIVE_TRIGGERS OFF 
GO
ALTER DATABASE [DistributedProgramming] SET  ENABLE_BROKER 
GO
ALTER DATABASE [DistributedProgramming] SET AUTO_UPDATE_STATISTICS_ASYNC OFF 
GO
ALTER DATABASE [DistributedProgramming] SET DATE_CORRELATION_OPTIMIZATION OFF 
GO
ALTER DATABASE [DistributedProgramming] SET TRUSTWORTHY OFF 
GO
ALTER DATABASE [DistributedProgramming] SET ALLOW_SNAPSHOT_ISOLATION OFF 
GO
ALTER DATABASE [DistributedProgramming] SET PARAMETERIZATION SIMPLE 
GO
ALTER DATABASE [DistributedProgramming] SET READ_COMMITTED_SNAPSHOT OFF 
GO
ALTER DATABASE [DistributedProgramming] SET HONOR_BROKER_PRIORITY OFF 
GO
ALTER DATABASE [DistributedProgramming] SET RECOVERY SIMPLE 
GO
ALTER DATABASE [DistributedProgramming] SET  MULTI_USER 
GO
ALTER DATABASE [DistributedProgramming] SET PAGE_VERIFY CHECKSUM  
GO
ALTER DATABASE [DistributedProgramming] SET DB_CHAINING OFF 
GO
ALTER DATABASE [DistributedProgramming] SET FILESTREAM( NON_TRANSACTED_ACCESS = OFF ) 
GO
ALTER DATABASE [DistributedProgramming] SET TARGET_RECOVERY_TIME = 60 SECONDS 
GO
ALTER DATABASE [DistributedProgramming] SET DELAYED_DURABILITY = DISABLED 
GO
ALTER DATABASE [DistributedProgramming] SET QUERY_STORE = OFF
GO
USE [DistributedProgramming]
GO
/****** Object:  Table [dbo].[__MigrationHistory]    Script Date: 15/06/2020 13:15:31 ******/
SET ANSI_NULLS ON
GO
SET QUOTED_IDENTIFIER ON
GO
CREATE TABLE [dbo].[__MigrationHistory](
	[MigrationId] [nvarchar](150) NOT NULL,
	[ContextKey] [nvarchar](300) NOT NULL,
	[Model] [varbinary](max) NOT NULL,
	[ProductVersion] [nvarchar](32) NOT NULL,
 CONSTRAINT [PK_dbo.__MigrationHistory] PRIMARY KEY CLUSTERED 
(
	[MigrationId] ASC,
	[ContextKey] ASC
)WITH (PAD_INDEX = OFF, STATISTICS_NORECOMPUTE = OFF, IGNORE_DUP_KEY = OFF, ALLOW_ROW_LOCKS = ON, ALLOW_PAGE_LOCKS = ON) ON [PRIMARY]
) ON [PRIMARY] TEXTIMAGE_ON [PRIMARY]
GO
/****** Object:  Table [dbo].[AspNetRoles]    Script Date: 15/06/2020 13:15:31 ******/
SET ANSI_NULLS ON
GO
SET QUOTED_IDENTIFIER ON
GO
CREATE TABLE [dbo].[AspNetRoles](
	[Id] [nvarchar](128) NOT NULL,
	[Name] [nvarchar](256) NOT NULL,
 CONSTRAINT [PK_dbo.AspNetRoles] PRIMARY KEY CLUSTERED 
(
	[Id] ASC
)WITH (PAD_INDEX = OFF, STATISTICS_NORECOMPUTE = OFF, IGNORE_DUP_KEY = OFF, ALLOW_ROW_LOCKS = ON, ALLOW_PAGE_LOCKS = ON) ON [PRIMARY]
) ON [PRIMARY]
GO
/****** Object:  Table [dbo].[AspNetUserClaims]    Script Date: 15/06/2020 13:15:31 ******/
SET ANSI_NULLS ON
GO
SET QUOTED_IDENTIFIER ON
GO
CREATE TABLE [dbo].[AspNetUserClaims](
	[Id] [int] IDENTITY(1,1) NOT NULL,
	[UserId] [nvarchar](128) NOT NULL,
	[ClaimType] [nvarchar](max) NULL,
	[ClaimValue] [nvarchar](max) NULL,
 CONSTRAINT [PK_dbo.AspNetUserClaims] PRIMARY KEY CLUSTERED 
(
	[Id] ASC
)WITH (PAD_INDEX = OFF, STATISTICS_NORECOMPUTE = OFF, IGNORE_DUP_KEY = OFF, ALLOW_ROW_LOCKS = ON, ALLOW_PAGE_LOCKS = ON) ON [PRIMARY]
) ON [PRIMARY] TEXTIMAGE_ON [PRIMARY]
GO
/****** Object:  Table [dbo].[AspNetUserLogins]    Script Date: 15/06/2020 13:15:31 ******/
SET ANSI_NULLS ON
GO
SET QUOTED_IDENTIFIER ON
GO
CREATE TABLE [dbo].[AspNetUserLogins](
	[LoginProvider] [nvarchar](128) NOT NULL,
	[ProviderKey] [nvarchar](128) NOT NULL,
	[UserId] [nvarchar](128) NOT NULL,
 CONSTRAINT [PK_dbo.AspNetUserLogins] PRIMARY KEY CLUSTERED 
(
	[LoginProvider] ASC,
	[ProviderKey] ASC,
	[UserId] ASC
)WITH (PAD_INDEX = OFF, STATISTICS_NORECOMPUTE = OFF, IGNORE_DUP_KEY = OFF, ALLOW_ROW_LOCKS = ON, ALLOW_PAGE_LOCKS = ON) ON [PRIMARY]
) ON [PRIMARY]
GO
/****** Object:  Table [dbo].[AspNetUserRoles]    Script Date: 15/06/2020 13:15:31 ******/
SET ANSI_NULLS ON
GO
SET QUOTED_IDENTIFIER ON
GO
CREATE TABLE [dbo].[AspNetUserRoles](
	[UserId] [nvarchar](128) NOT NULL,
	[RoleId] [nvarchar](128) NOT NULL,
 CONSTRAINT [PK_dbo.AspNetUserRoles] PRIMARY KEY CLUSTERED 
(
	[UserId] ASC,
	[RoleId] ASC
)WITH (PAD_INDEX = OFF, STATISTICS_NORECOMPUTE = OFF, IGNORE_DUP_KEY = OFF, ALLOW_ROW_LOCKS = ON, ALLOW_PAGE_LOCKS = ON) ON [PRIMARY]
) ON [PRIMARY]
GO
/****** Object:  Table [dbo].[AspNetUsers]    Script Date: 15/06/2020 13:15:31 ******/
SET ANSI_NULLS ON
GO
SET QUOTED_IDENTIFIER ON
GO
CREATE TABLE [dbo].[AspNetUsers](
	[Id] [nvarchar](128) NOT NULL,
	[Email] [nvarchar](256) NULL,
	[EmailConfirmed] [bit] NOT NULL,
	[PasswordHash] [nvarchar](max) NULL,
	[SecurityStamp] [nvarchar](max) NULL,
	[PhoneNumber] [nvarchar](max) NULL,
	[PhoneNumberConfirmed] [bit] NOT NULL,
	[TwoFactorEnabled] [bit] NOT NULL,
	[LockoutEndDateUtc] [datetime] NULL,
	[LockoutEnabled] [bit] NOT NULL,
	[AccessFailedCount] [int] NOT NULL,
	[UserName] [nvarchar](256) NOT NULL,
 CONSTRAINT [PK_dbo.AspNetUsers] PRIMARY KEY CLUSTERED 
(
	[Id] ASC
)WITH (PAD_INDEX = OFF, STATISTICS_NORECOMPUTE = OFF, IGNORE_DUP_KEY = OFF, ALLOW_ROW_LOCKS = ON, ALLOW_PAGE_LOCKS = ON) ON [PRIMARY]
) ON [PRIMARY] TEXTIMAGE_ON [PRIMARY]
GO
/****** Object:  Table [dbo].[Preferences]    Script Date: 15/06/2020 13:15:31 ******/
SET ANSI_NULLS ON
GO
SET QUOTED_IDENTIFIER ON
GO
CREATE TABLE [dbo].[Preferences](
	[Id] [int] IDENTITY(1,1) NOT NULL,
	[Preference] [nvarchar](50) NOT NULL,
 CONSTRAINT [PK_Preferences] PRIMARY KEY CLUSTERED 
(
	[Id] ASC
)WITH (PAD_INDEX = OFF, STATISTICS_NORECOMPUTE = OFF, IGNORE_DUP_KEY = OFF, ALLOW_ROW_LOCKS = ON, ALLOW_PAGE_LOCKS = ON) ON [PRIMARY]
) ON [PRIMARY]
GO
/****** Object:  Table [dbo].[UserPreferences]    Script Date: 15/06/2020 13:15:31 ******/
SET ANSI_NULLS ON
GO
SET QUOTED_IDENTIFIER ON
GO
CREATE TABLE [dbo].[UserPreferences](
	[UserId] [nvarchar](128) NOT NULL,
	[PreferenceId] [int] NOT NULL,
 CONSTRAINT [PK_UserPreferences] PRIMARY KEY CLUSTERED 
(
	[UserId] ASC,
	[PreferenceId] ASC
)WITH (PAD_INDEX = OFF, STATISTICS_NORECOMPUTE = OFF, IGNORE_DUP_KEY = OFF, ALLOW_ROW_LOCKS = ON, ALLOW_PAGE_LOCKS = ON) ON [PRIMARY]
) ON [PRIMARY]
GO
INSERT [dbo].[__MigrationHistory] ([MigrationId], [ContextKey], [Model], [ProductVersion]) VALUES (N'202006061335367_InitialCreate', N'DistributedAPI.Models.ApplicationDbContext', 0x1F8B0800000000000400DD5C5B6FE3B6127E2F70FE83A0A79E22B572E92EF604F616A9939C137473C13ABBE8DB82966887588952252A9BE0A0BFEC3CF427F52F9CA16E166FBAD88AED140B2C2C72F8CD70382487C361FEFADF9FE39F9F02DF7AC47142423AB18F4687B685A91B7A842E2776CA163FBEB37F7EFF8FEFC6175EF0647D2EE94E381DB4A4C9C47E602C3A759CC47DC0014A460171E33009176CE4868183BCD0393E3CFC977374E46080B001CBB2C61F53CA4880B30FF89C86D4C5114B917F1D7AD84F8A72A89965A8D60D0A701221174FEC7392B098CC5386BDB3BBAB51DEC0B6CE7C82409819F617B685280D196220EAE9A704CF581CD2E52C8202E4DF3F4718E816C84F70D185D31579D7DE1C1EF3DE38AB8625949B262C0C7A021E9D14EA71E4E66B29D9AED4070ABC0045B367DEEB4C8913FBCAC359D1C7D00705C80C4FA77ECC8927F675C5E22C896E301B950D4739E4650C70DFC2F8EBA88E7860756E775099D3F1E890FF3BB0A6A9CFD2184F284E598CFC03EB2E9DFBC4FD153FDF875F319D9C1CCD1727EFDEBC45DEC9DB9FF0C99B7A4FA1AF40271440D15D1C463806D9F0A2EABF6D39623B476E5835ABB5C9B502B60433C3B6AED1D3074C97EC01E6CCF13BDBBA244FD82B4B0AE3FA44094C2468C4E2143E6F52DF47731F57F54E234FFE7F03D7E3376F07E17A831EC9321B7A893F4C9C18E6D547EC67B5C90389F2E9258CF79782EC320E03FE2DDA575EFB6516A6B1CB3B131A49EE51BCC44C946EECAC8CB7934973A8E1CDBA44DD7FD3E692AAE6AD25E51D5A6726942CB63D1B4A795F966F678B3B8B2218BCCCB4B8469A0C4EBB5F8D2480034B245B19D0515703A2D0B1BFF37A781120E20FB02076E002EEC882C401AE7AF94B08E687686F99EF5092C07AE0FD07250F0DA2C3CF01449F61378DC14C670C05D18B73BB7B0829BE498339B7FEEDF11A6C68EEBF8597C865617C4179AB8DF13E84EED7306517D43B470C7F626E09C83FEF49D01D601071CE5C1727C9251833F6A62178DB25E0156527C7BDE1F81AB56B8764EA2312E83D126935FD5292AEBC123D85E29918C874DE4993A81FC225A1DD442D49CDA2E614ADA216647D45E560DD242D28CD826604AD72E65483F97BD9080DEFF065B0FBEFF16DB6799BD6829A1A67B042E27F638A6358C6BC3BC4188EE96A04BAAC1BBB7016B2E1E34C5F7C6FCA387D467E3A34ABB56643B6080C3F1B32D8FD9F0D999850FC483CEE9574380695C400DF895E7FC26A9F739264DB9E0E4237B7CD7C3B6B8069BA9C2549E8926C1668026045F842941F7C38AB3D9691F7468E8740C7C0D009DFF2A004FA66CB46754BCFB18F19B6CEDC3C403845898B3C558DD021AF8760E58EAA116C15171185FB41E109968E63DE08F143109C4811A14C9D1684BA24427EAB96A4961DB730DEF78A875C738E234C39C3564D7461AE0F8370012A3ED2A0B46968ECD42CAED9100D5EAB69CCDB5CD8D5B82BD189ADD8648BEF6CB0CBC27F7B11C36CD6D8168CB359255D043086F47661A0C559A5AB01C807977D3350E9C46430D0C2A5DA8A818A1ADB81818A2A7975069A1F51BB8EBF745EDD37F3140FCADBDFD61BD5B503DB14F4B167A699FB9ED086410B1CABE6793EE795F889690E672067713E4B0A575736110E3EC34C0CD9ACFC5DAD1FEA3483C846D404B832B416D0E23250015226540FE1CA585EA3748517D103B68CBB35C2166BBF045BB30115BB7E295A23345F9DCAC6D9E9F451F5ACB206C5C83B1D166A381A8390172FB1E31D94628ACBAA8AE9E20BF7F1866B1D2B06A341412D9EAB4149656706D752699AED5AD239647D5CB28DB424B94F062D959D195C4B858DB62B49E314F4700B365291B8850F34D9CA4847B5DB547563274F972A0AC68E21AF6A7C8DA288D0652DCFAA28B1667992D5F4C759FFD4A320C770DC44938154495B7162618C9658AA05D620E9258913768E189A231EE7997A8142A6DD5B0DCB7FC9B2BE7DAA8358EE032535FF9DB7D05FE10BDBADEA8F143097D0C9803B3559245D6302FAE6164F7D433E8A35C1FB69E8A70135FB58E6D6F9155EBD7D5EA2228C1D497EC5875214A678BAA2F63B8D8D3A2F861BA7CA8B597FACCC10268D973E685DE726BFD48C5286A9EA28A6D0D5CEC6CEE4CEF41D2FD959EC3F5CAD082F33BB8A0C953A4051D413A396E4A080D5EABAA38A7928754CB1A63BA2946C528794AA7A48594F291184AC57AC8567D0A89EA23B073589A48EAED67647D6A493D4A135D56B606B6496EBBAA36A324EEAC09AEAEED8ABF413791DDDE3FDCB7884D96403CB0FBA9BED60068C97591487D9006BF7F975A05A714FACE2C65E012BCAF7D2A08CA7BD4D0C2A0F716C6650060CF3FA235C868BCB4FE30DBE1953B8E11696F8A61B7E335E3FB37D51E350CE7B3249C5BD3AF749E7BB7171D66A7F5CA31CBE7212DB2AD508DBFB73C27030E204A3D9EFFED427982FE625C135A2648113966775D8C78747C7D2E39CFD7928E32489E76BCEAAA6D732E2986D21418B3EA2D87D40B19A2EB1C1639215A81289BEA21E7E9AD8FFCD5A9D66410DFE2B2B3EB0AE924F94FC9E42C57D9C62EB0F35FD7398E4FA0ECF392A41FF7815EF24BAABFCEAB72F79D303EB3686E9746A1D4A8A5E67F8C5D713BDA4C99B6E20CDDA6F2A5EEF6C139E2A6851A5D9B2FECB84396183BC4A28A5FC3E404FFFEC2B9AF6E5C146889AD70543E10DA242D3EB8175B08C2F073CF864D9CB817E9DD5BF24584734E32B0242FB83C96F08BA2F4365CB1DEE439A33D33696A44CCFAD39D81B2564EE7A6F5252B5379AE86A3A760FB84153AE3773515E592AF3605BA726537930EC5DDAFD8BA727EF4B46F2CA69DF6D22F236738F1B6E96FE5629C77B9024A749FAD97D62F1B66DCD1404DEF3ECCC7EE9C37B666CC536BFFB24E16D1B9B2940BCE7C6D62B1578CF6C6D57FBE78E2DADF316BAF3C45E3547C97099A38B22B725EEE6217738FECF433082DCA3CCDF5BEA33C59AB25C5B18AE48CC4CCD296A326365E2287C158A66B6FDFA5A6CF88D9D2D689AD91A123B9B7817EB7F23EF82A699B7215D721729C7DA84455D1A78CB3AD69447F59A528C859EB464B4B7F9AC8D37F3AF29A37810A508B3C770BBFC7A12880751C99053A747C2B07A510C7B67ED6F35C2FE9D90E50A82FFE5468A5D61D7AC68AEE8222C376F49A292448AD05C63863CD852CF624616C86550CD03D0D983F12CA8C7AF41E6D8BBA2B7298B52065DC6C1DC17025EDC0968E29F65458B328F6F23FE950CD1051093F0C0FD2DFD2525BE57C97DA989091920B87751847BF958321EF65D3E57483721ED0854A8AF728AEE7110F90096DCD2197AC4EBC806E6F7012F91FBBC8A009A40DA074254FBF89CA0658C82A4C058B5874FB0612F787AFF7F9CE68BAEB2540000, N'6.2.0-61023')
INSERT [dbo].[AspNetUsers] ([Id], [Email], [EmailConfirmed], [PasswordHash], [SecurityStamp], [PhoneNumber], [PhoneNumberConfirmed], [TwoFactorEnabled], [LockoutEndDateUtc], [LockoutEnabled], [AccessFailedCount], [UserName]) VALUES (N'2a235b84-f642-449b-8a9a-5d0f5ead2d54', N'test@test3.com', 0, N'AHcGHAGkGKM0cBicwb7XnQW7VG4TxSZt8yfK5vsC61PukL6eeQPqBZdjOhmznn0Yig==', N'fa8ab719-ea99-455c-8c90-d636b8303da9', NULL, 0, 0, NULL, 0, 0, N'test@test3.com')
INSERT [dbo].[AspNetUsers] ([Id], [Email], [EmailConfirmed], [PasswordHash], [SecurityStamp], [PhoneNumber], [PhoneNumberConfirmed], [TwoFactorEnabled], [LockoutEndDateUtc], [LockoutEnabled], [AccessFailedCount], [UserName]) VALUES (N'928c341f-cf88-4e31-a962-a77c449d7a13', N'test@test4.com', 0, N'ANE11PN29RHpUlwfaeXpyWHkfE/KMw4mmtxdSWJS8rbhxaA0g2hcePEW9JEnno5F/Q==', N'6f9229d8-ba7c-4451-b3f3-5ddfe8838e7f', NULL, 0, 0, NULL, 0, 0, N'test@test4.com')
INSERT [dbo].[AspNetUsers] ([Id], [Email], [EmailConfirmed], [PasswordHash], [SecurityStamp], [PhoneNumber], [PhoneNumberConfirmed], [TwoFactorEnabled], [LockoutEndDateUtc], [LockoutEnabled], [AccessFailedCount], [UserName]) VALUES (N'9836b7b0-eb82-4942-96cd-48dc314fb34a', N'test@test5.com', 0, N'AFR4R0AQJdzDmwikxZmNdD6xUmkYeDTUcBUoanysiIPw8ojKULq1oF3gw8bc8E9UQw==', N'328998f2-5112-49a2-bc8e-80b7f2a2541d', NULL, 0, 0, NULL, 0, 0, N'test@test5.com')
INSERT [dbo].[AspNetUsers] ([Id], [Email], [EmailConfirmed], [PasswordHash], [SecurityStamp], [PhoneNumber], [PhoneNumberConfirmed], [TwoFactorEnabled], [LockoutEndDateUtc], [LockoutEnabled], [AccessFailedCount], [UserName]) VALUES (N'9e2c9d13-ec6b-4c2a-a87c-45d0f749892b', N'newtest@test.com', 0, N'ABjB7AmzH6K6a9k2/5ynIUT7ZjinHWNpPl2JyqZLJrFB8dhqgJpELmsl1p+Bu4Pklw==', N'971157d8-55f2-4b15-842e-320ce2174bfa', NULL, 0, 0, NULL, 0, 0, N'newtest@test.com')
INSERT [dbo].[AspNetUsers] ([Id], [Email], [EmailConfirmed], [PasswordHash], [SecurityStamp], [PhoneNumber], [PhoneNumberConfirmed], [TwoFactorEnabled], [LockoutEndDateUtc], [LockoutEnabled], [AccessFailedCount], [UserName]) VALUES (N'bfed88a2-6a48-4a5f-87f7-dff6ae0dafcd', N'test@test6.com', 0, N'AMPl4+SYM4MPf87nSNzQMS1kpD9oJfWQa6WOtSGFiIWm0OG+01iVP4ONN2NUmKpn/Q==', N'7289146c-18b9-43c0-b91a-fa238818cf31', NULL, 0, 0, NULL, 0, 0, N'test@test6.com')
INSERT [dbo].[AspNetUsers] ([Id], [Email], [EmailConfirmed], [PasswordHash], [SecurityStamp], [PhoneNumber], [PhoneNumberConfirmed], [TwoFactorEnabled], [LockoutEndDateUtc], [LockoutEnabled], [AccessFailedCount], [UserName]) VALUES (N'cacdafd4-b11f-4584-a8d8-1ba6e16d939e', N'test@test2.com', 0, N'AINJzEsSe4scXZYnhn3PdGBynr6UzLK1p3SIrXz6ezqbWr2DWA6E+aLiibWi1+zPMQ==', N'a09edf10-12d0-422d-a949-6af67d45d7ee', NULL, 0, 0, NULL, 0, 0, N'test@test2.com')
INSERT [dbo].[AspNetUsers] ([Id], [Email], [EmailConfirmed], [PasswordHash], [SecurityStamp], [PhoneNumber], [PhoneNumberConfirmed], [TwoFactorEnabled], [LockoutEndDateUtc], [LockoutEnabled], [AccessFailedCount], [UserName]) VALUES (N'f4a43ac0-29ad-4a42-aaf4-85a463f0d394', N'test@test.com', 0, N'AAAonrhi6DoYoSIzFXnsHYzc3+xLmJkTpBcSPEwm22Z2iPR3xOsEqeTNi+29POeewQ==', N'1e7a03e4-1f0c-49df-946e-520c35312260', NULL, 0, 0, NULL, 0, 0, N'test@test.com')
SET IDENTITY_INSERT [dbo].[Preferences] ON 

INSERT [dbo].[Preferences] ([Id], [Preference]) VALUES (2, N'birthday')
INSERT [dbo].[Preferences] ([Id], [Preference]) VALUES (5, N'email')
INSERT [dbo].[Preferences] ([Id], [Preference]) VALUES (1, N'first_name')
INSERT [dbo].[Preferences] ([Id], [Preference]) VALUES (4, N'last_name')
SET IDENTITY_INSERT [dbo].[Preferences] OFF
INSERT [dbo].[UserPreferences] ([UserId], [PreferenceId]) VALUES (N'9836b7b0-eb82-4942-96cd-48dc314fb34a', 1)
INSERT [dbo].[UserPreferences] ([UserId], [PreferenceId]) VALUES (N'9836b7b0-eb82-4942-96cd-48dc314fb34a', 2)
INSERT [dbo].[UserPreferences] ([UserId], [PreferenceId]) VALUES (N'9836b7b0-eb82-4942-96cd-48dc314fb34a', 4)
INSERT [dbo].[UserPreferences] ([UserId], [PreferenceId]) VALUES (N'9836b7b0-eb82-4942-96cd-48dc314fb34a', 5)
INSERT [dbo].[UserPreferences] ([UserId], [PreferenceId]) VALUES (N'9e2c9d13-ec6b-4c2a-a87c-45d0f749892b', 1)
INSERT [dbo].[UserPreferences] ([UserId], [PreferenceId]) VALUES (N'9e2c9d13-ec6b-4c2a-a87c-45d0f749892b', 2)
INSERT [dbo].[UserPreferences] ([UserId], [PreferenceId]) VALUES (N'9e2c9d13-ec6b-4c2a-a87c-45d0f749892b', 4)
INSERT [dbo].[UserPreferences] ([UserId], [PreferenceId]) VALUES (N'9e2c9d13-ec6b-4c2a-a87c-45d0f749892b', 5)
INSERT [dbo].[UserPreferences] ([UserId], [PreferenceId]) VALUES (N'bfed88a2-6a48-4a5f-87f7-dff6ae0dafcd', 1)
INSERT [dbo].[UserPreferences] ([UserId], [PreferenceId]) VALUES (N'bfed88a2-6a48-4a5f-87f7-dff6ae0dafcd', 2)
INSERT [dbo].[UserPreferences] ([UserId], [PreferenceId]) VALUES (N'bfed88a2-6a48-4a5f-87f7-dff6ae0dafcd', 4)
INSERT [dbo].[UserPreferences] ([UserId], [PreferenceId]) VALUES (N'bfed88a2-6a48-4a5f-87f7-dff6ae0dafcd', 5)
INSERT [dbo].[UserPreferences] ([UserId], [PreferenceId]) VALUES (N'cacdafd4-b11f-4584-a8d8-1ba6e16d939e', 1)
INSERT [dbo].[UserPreferences] ([UserId], [PreferenceId]) VALUES (N'cacdafd4-b11f-4584-a8d8-1ba6e16d939e', 2)
INSERT [dbo].[UserPreferences] ([UserId], [PreferenceId]) VALUES (N'cacdafd4-b11f-4584-a8d8-1ba6e16d939e', 5)
INSERT [dbo].[UserPreferences] ([UserId], [PreferenceId]) VALUES (N'f4a43ac0-29ad-4a42-aaf4-85a463f0d394', 1)
INSERT [dbo].[UserPreferences] ([UserId], [PreferenceId]) VALUES (N'f4a43ac0-29ad-4a42-aaf4-85a463f0d394', 2)
INSERT [dbo].[UserPreferences] ([UserId], [PreferenceId]) VALUES (N'f4a43ac0-29ad-4a42-aaf4-85a463f0d394', 4)
INSERT [dbo].[UserPreferences] ([UserId], [PreferenceId]) VALUES (N'f4a43ac0-29ad-4a42-aaf4-85a463f0d394', 5)
SET ANSI_PADDING ON
GO
/****** Object:  Index [RoleNameIndex]    Script Date: 15/06/2020 13:15:31 ******/
CREATE UNIQUE NONCLUSTERED INDEX [RoleNameIndex] ON [dbo].[AspNetRoles]
(
	[Name] ASC
)WITH (PAD_INDEX = OFF, STATISTICS_NORECOMPUTE = OFF, SORT_IN_TEMPDB = OFF, IGNORE_DUP_KEY = OFF, DROP_EXISTING = OFF, ONLINE = OFF, ALLOW_ROW_LOCKS = ON, ALLOW_PAGE_LOCKS = ON) ON [PRIMARY]
GO
SET ANSI_PADDING ON
GO
/****** Object:  Index [IX_UserId]    Script Date: 15/06/2020 13:15:31 ******/
CREATE NONCLUSTERED INDEX [IX_UserId] ON [dbo].[AspNetUserClaims]
(
	[UserId] ASC
)WITH (PAD_INDEX = OFF, STATISTICS_NORECOMPUTE = OFF, SORT_IN_TEMPDB = OFF, DROP_EXISTING = OFF, ONLINE = OFF, ALLOW_ROW_LOCKS = ON, ALLOW_PAGE_LOCKS = ON) ON [PRIMARY]
GO
SET ANSI_PADDING ON
GO
/****** Object:  Index [IX_UserId]    Script Date: 15/06/2020 13:15:31 ******/
CREATE NONCLUSTERED INDEX [IX_UserId] ON [dbo].[AspNetUserLogins]
(
	[UserId] ASC
)WITH (PAD_INDEX = OFF, STATISTICS_NORECOMPUTE = OFF, SORT_IN_TEMPDB = OFF, DROP_EXISTING = OFF, ONLINE = OFF, ALLOW_ROW_LOCKS = ON, ALLOW_PAGE_LOCKS = ON) ON [PRIMARY]
GO
SET ANSI_PADDING ON
GO
/****** Object:  Index [IX_RoleId]    Script Date: 15/06/2020 13:15:31 ******/
CREATE NONCLUSTERED INDEX [IX_RoleId] ON [dbo].[AspNetUserRoles]
(
	[RoleId] ASC
)WITH (PAD_INDEX = OFF, STATISTICS_NORECOMPUTE = OFF, SORT_IN_TEMPDB = OFF, DROP_EXISTING = OFF, ONLINE = OFF, ALLOW_ROW_LOCKS = ON, ALLOW_PAGE_LOCKS = ON) ON [PRIMARY]
GO
SET ANSI_PADDING ON
GO
/****** Object:  Index [IX_UserId]    Script Date: 15/06/2020 13:15:31 ******/
CREATE NONCLUSTERED INDEX [IX_UserId] ON [dbo].[AspNetUserRoles]
(
	[UserId] ASC
)WITH (PAD_INDEX = OFF, STATISTICS_NORECOMPUTE = OFF, SORT_IN_TEMPDB = OFF, DROP_EXISTING = OFF, ONLINE = OFF, ALLOW_ROW_LOCKS = ON, ALLOW_PAGE_LOCKS = ON) ON [PRIMARY]
GO
SET ANSI_PADDING ON
GO
/****** Object:  Index [UserNameIndex]    Script Date: 15/06/2020 13:15:31 ******/
CREATE UNIQUE NONCLUSTERED INDEX [UserNameIndex] ON [dbo].[AspNetUsers]
(
	[UserName] ASC
)WITH (PAD_INDEX = OFF, STATISTICS_NORECOMPUTE = OFF, SORT_IN_TEMPDB = OFF, IGNORE_DUP_KEY = OFF, DROP_EXISTING = OFF, ONLINE = OFF, ALLOW_ROW_LOCKS = ON, ALLOW_PAGE_LOCKS = ON) ON [PRIMARY]
GO
SET ANSI_PADDING ON
GO
/****** Object:  Index [Preference_UN]    Script Date: 15/06/2020 13:15:31 ******/
CREATE UNIQUE NONCLUSTERED INDEX [Preference_UN] ON [dbo].[Preferences]
(
	[Preference] ASC
)WITH (PAD_INDEX = OFF, STATISTICS_NORECOMPUTE = OFF, SORT_IN_TEMPDB = OFF, IGNORE_DUP_KEY = OFF, DROP_EXISTING = OFF, ONLINE = OFF, ALLOW_ROW_LOCKS = ON, ALLOW_PAGE_LOCKS = ON) ON [PRIMARY]
GO
ALTER TABLE [dbo].[AspNetUserClaims]  WITH CHECK ADD  CONSTRAINT [FK_dbo.AspNetUserClaims_dbo.AspNetUsers_UserId] FOREIGN KEY([UserId])
REFERENCES [dbo].[AspNetUsers] ([Id])
ON DELETE CASCADE
GO
ALTER TABLE [dbo].[AspNetUserClaims] CHECK CONSTRAINT [FK_dbo.AspNetUserClaims_dbo.AspNetUsers_UserId]
GO
ALTER TABLE [dbo].[AspNetUserLogins]  WITH CHECK ADD  CONSTRAINT [FK_dbo.AspNetUserLogins_dbo.AspNetUsers_UserId] FOREIGN KEY([UserId])
REFERENCES [dbo].[AspNetUsers] ([Id])
ON DELETE CASCADE
GO
ALTER TABLE [dbo].[AspNetUserLogins] CHECK CONSTRAINT [FK_dbo.AspNetUserLogins_dbo.AspNetUsers_UserId]
GO
ALTER TABLE [dbo].[AspNetUserRoles]  WITH CHECK ADD  CONSTRAINT [FK_dbo.AspNetUserRoles_dbo.AspNetRoles_RoleId] FOREIGN KEY([RoleId])
REFERENCES [dbo].[AspNetRoles] ([Id])
ON DELETE CASCADE
GO
ALTER TABLE [dbo].[AspNetUserRoles] CHECK CONSTRAINT [FK_dbo.AspNetUserRoles_dbo.AspNetRoles_RoleId]
GO
ALTER TABLE [dbo].[AspNetUserRoles]  WITH CHECK ADD  CONSTRAINT [FK_dbo.AspNetUserRoles_dbo.AspNetUsers_UserId] FOREIGN KEY([UserId])
REFERENCES [dbo].[AspNetUsers] ([Id])
ON DELETE CASCADE
GO
ALTER TABLE [dbo].[AspNetUserRoles] CHECK CONSTRAINT [FK_dbo.AspNetUserRoles_dbo.AspNetUsers_UserId]
GO
ALTER TABLE [dbo].[UserPreferences]  WITH CHECK ADD  CONSTRAINT [FK_UserPreferences_Preferences] FOREIGN KEY([PreferenceId])
REFERENCES [dbo].[Preferences] ([Id])
GO
ALTER TABLE [dbo].[UserPreferences] CHECK CONSTRAINT [FK_UserPreferences_Preferences]
GO
ALTER TABLE [dbo].[UserPreferences]  WITH CHECK ADD  CONSTRAINT [UserPreferences_Users] FOREIGN KEY([UserId])
REFERENCES [dbo].[AspNetUsers] ([Id])
GO
ALTER TABLE [dbo].[UserPreferences] CHECK CONSTRAINT [UserPreferences_Users]
GO
USE [master]
GO
ALTER DATABASE [DistributedProgramming] SET  READ_WRITE 
GO
